bookId,대출가능여부,이름,입고일자,저자,출판사,출판일,가격
0,대출가능,해리포터,2023/04/14,J.K.롤링,블룸즈버리 퍼블리싱,1997/06/25,10000
1,대출가능,반지의 제왕,2023/04/14,J. R. R. 톨킨,앨런 & 언윈,1950/02/18,15000
2,대출중,판다의 엄지,2023/04/14,스티븐 제이 굴드,랜덤하우스,1980/02/19,12000
3,대출중,만들어진 신,2023/04/14,리처드 도킨스,랜덤하우스,1995/02/02,18000
4,대출중,코스모스,2023/04/14,칼 세이건,랜덤하우스,1980/04/23,20000
5,대출가능,끼오오오옷,2023/04/15,김끼옷,끼옷북스,2023/03/23,12000
